regime,n,ess,accuracy,mean_conf,ece,brier,nll,ece_w,brier_w,nll_w,mean_entropy,gap,accuracy_lo,accuracy_hi,ece_lo,ece_hi
C1,699,203.3,0.4492131616595136,0.6331169024621099,0.1890010674256874,0.2484206765418377,1.2753017978720518,0.10499170738146779,0.18386941808158924,0.8620863402606466,0.36688309753789017,0.18390374080259636,0.37587800799033727,0.5194453463203463,0.13681401886503086,0.25629206600124316
C2,1095,354.4,0.6356164383561644,0.6824197899132607,0.12480102296327608,0.2238556139859218,1.0339412400702617,0.09707119056771396,0.16569429014753245,0.7109535814428104,0.3175802100867393,0.04680335155709625,0.589437137024898,0.6819732778168739,0.10138572856893886,0.1710232759090285
C3,669,518.0,0.6756352765321375,0.6832523678336515,0.1050269806941424,0.19936700312638073,0.7957522724020252,0.09357465369969413,0.1877544409606979,0.7487971253485494,0.31674763216634855,0.007617091301514001,0.5813259938837921,0.7598767772511849,0.07450334136673474,0.16631439138441834
