model,micro_acc,balanced_acc,micro_ece,balanced_ece,nontrivial_ece
qwen3.5:9b,0.4457978075517661,0.5777838021589995,0.05114700734158235,0.0801097919101738,0.2230891328784109
qwen3.5:27b,0.6699147381242387,0.7701705421859583,0.05291258558251572,0.09418476420043298,0.1530832463791185
gpt-5.4,0.6650426309378806,0.7619103944040805,0.2806571563607536,0.18876996983586794,0.42270147451012374
