model,n,accuracy,mean_conf,mean_entropy,ece,gap
qwen3.5:9b,821,0.4457978075517661,0.4471821846062763,0.5528178153937238,0.05114700734158235,0.0013843770545101663
qwen3.5:27b,821,0.6699147381242387,0.6172549630839551,0.38274503691604483,0.05291258558251572,-0.05265977504028363
gpt-5.4,821,0.6650426309378806,0.9415241420256615,0.058475857974338574,0.2806571563607536,0.27648151108778085
