rtype,regime,n,ess,accuracy,mean_conf,ece,brier,nll,ece_w,brier_w,nll_w,mean_entropy,gap,accuracy_lo,accuracy_hi,ece_lo,ece_hi
T1,C1,171,65.3,0.8187134502923976,0.7733124905132325,0.07499566129384032,0.11848222702575542,0.41012351695983246,0.10655110176052111,0.07132394859510045,0.25276533543241997,0.2266875094867677,-0.04540095977916514,0.6950206855791963,0.9167008196721309,0.06600364631444781,0.17912844846418646
T1,C2,171,64.2,0.8713450292397661,0.7944898406588021,0.11869244057382464,0.12234181895573841,0.5536921561332154,0.07883065346136374,0.05914406231365875,0.25189886310668863,0.205510159341198,-0.07685518858096396,0.7796139359698682,0.9417989417989417,0.08973977637975619,0.19150388052766665
T2,C1,270,84.4,0.32222222222222224,0.6046541332687821,0.3058993471353767,0.3101219559886687,1.7568061777942872,0.29936390146497066,0.29821910374007293,1.5355992296817311,0.39534586673121785,0.2824319110465599,0.22477547740593687,0.42908989544490744,0.2299956670371858,0.39757149784147483
T3,C1,258,75.3,0.3372093023255814,0.569983189770081,0.23277388744449973,0.2699715657534876,1.344833981813857,0.1944768571956889,0.24219933600397456,1.1165954553901354,0.4300168102299189,0.23277388744449962,0.25098039215686274,0.42653094676108044,0.1721790346939943,0.3214405463510277
T3,C2,258,78.3,0.3953488372093023,0.6001121023413502,0.23029965500243166,0.2905076727899876,1.3273380701034818,0.23028785727506976,0.2778744999949691,1.1209073222837336,0.3998878976586498,0.20476326513204784,0.29923999611499613,0.4924284511784512,0.18669044910979266,0.33285735989536186
T4,C2,666,340.9,0.6681681681681682,0.6855300072046501,0.1414546067444273,0.22409979983984427,1.0435902058430306,0.14055534564442632,0.19611814578000955,0.8693673691827613,0.31446999279534993,0.01736183903648192,0.6056305724253779,0.7380047874684508,0.11328970172286865,0.1950965131497118
T4,C3,669,518.0,0.6756352765321375,0.6832523678336515,0.1050269806941424,0.19936700312638073,0.7957522724020252,0.09357465369969413,0.1877544409606979,0.7487971253485494,0.31674763216634855,0.007617091301514001,0.5813259938837921,0.7598767772511849,0.07450334136673474,0.16631439138441834
